{"cameraMode":{"drawMode":0,"name":"Shaded","section":"Shading Mode"},"sceneLighting":false,"audioPlay":false,"sceneViewState":{"m_AlwaysRefresh":false,"showFog":true,"showSkybox":false,"showFlares":true,"showImageEffects":true,"showParticleSystems":true,"showVisualEffectGraphs":true,"m_FxEnabled":true},"in2DMode":false,"pivot":{"x":3.646336555480957,"y":1.3194483518600464,"z":-0.32714977860450747},"rotation":{"x":-0.07801254838705063,"y":-0.9081167578697205,"z":0.36003488302230837,"w":-0.20114637911319734},"size":0.49182116985321047,"orthographic":false}