{"cameraMode":{"drawMode":0,"name":"Shaded","section":"Shading Mode"},"sceneLighting":false,"audioPlay":false,"sceneViewState":{"m_AlwaysRefresh":false,"showFog":true,"showSkybox":false,"showFlares":true,"showImageEffects":true,"showParticleSystems":true,"showVisualEffectGraphs":true,"m_FxEnabled":true},"in2DMode":false,"pivot":{"x":0.89000004529953,"y":0.4699999690055847,"z":0.26500001549720766},"rotation":{"x":-0.11342590302228928,"y":0.10471351444721222,"z":-0.0120248319581151,"w":-0.9879478216171265},"size":1.9312496185302735,"orthographic":false}