{"cameraMode":{"drawMode":0,"name":"Shaded","section":"Shading Mode"},"sceneLighting":false,"audioPlay":false,"sceneViewState":{"m_AlwaysRefresh":false,"showFog":true,"showSkybox":false,"showFlares":true,"showImageEffects":true,"showParticleSystems":true,"showVisualEffectGraphs":true,"m_FxEnabled":true},"in2DMode":false,"pivot":{"x":0.89000004529953,"y":0.4699999690055847,"z":0.26500001549720766},"rotation":{"x":-0.22046597301959992,"y":-0.012585429474711419,"z":0.002844251459464431,"w":-0.9753157496452332},"size":1.9312496185302735,"orthographic":false}