{"cameraMode":{"drawMode":0,"name":"Shaded","section":"Shading Mode"},"sceneLighting":false,"audioPlay":false,"sceneViewState":{"m_AlwaysRefresh":false,"showFog":true,"showSkybox":false,"showFlares":true,"showImageEffects":true,"showParticleSystems":true,"showVisualEffectGraphs":true,"m_FxEnabled":true},"in2DMode":false,"pivot":{"x":-3.1601924896240236,"y":-1.8370423316955567,"z":-1.5786046981811524},"rotation":{"x":-0.0437941811978817,"y":0.009586681611835957,"z":-0.0004195977817289531,"w":-0.9990071058273315},"size":0.8660253882408142,"orthographic":false}