{"cameraMode":{"drawMode":0,"name":"Shaded","section":"Shading Mode"},"sceneLighting":false,"audioPlay":false,"sceneViewState":{"m_AlwaysRefresh":false,"showFog":true,"showSkybox":false,"showFlares":true,"showImageEffects":true,"showParticleSystems":true,"showVisualEffectGraphs":true,"m_FxEnabled":true},"in2DMode":false,"pivot":{"x":0.89000004529953,"y":0.4699999690055847,"z":0.26500001549720766},"rotation":{"x":-0.16831205785274507,"y":0.20159372687339784,"z":-0.0351925864815712,"w":-0.9642651677131653},"size":1.9312496185302735,"orthographic":false}