{"cameraMode":{"drawMode":0,"name":"Shaded","section":"Shading Mode"},"sceneLighting":true,"audioPlay":false,"sceneViewState":{"m_AlwaysRefresh":false,"showFog":true,"showSkybox":true,"showFlares":true,"showImageEffects":true,"showParticleSystems":true,"showVisualEffectGraphs":true,"m_FxEnabled":true},"in2DMode":false,"pivot":{"x":7.744197845458984,"y":0.18978071212768556,"z":1.1967145204544068},"rotation":{"x":0.12066257745027542,"y":0.06160210818052292,"z":0.007502185180783272,"w":-0.9907662868499756},"size":15.426513671875,"orthographic":false}