{"cameraMode":{"drawMode":0,"name":"Shaded","section":"Shading Mode"},"sceneLighting":false,"audioPlay":false,"sceneViewState":{"m_AlwaysRefresh":false,"showFog":true,"showSkybox":false,"showFlares":true,"showImageEffects":true,"showParticleSystems":true,"showVisualEffectGraphs":true,"m_FxEnabled":true},"in2DMode":false,"pivot":{"x":2.4385504722595217,"y":2.756462574005127,"z":1.5166478157043458},"rotation":{"x":-0.2572453022003174,"y":-0.013002933003008366,"z":0.005378799047321081,"w":-0.966698408126831},"size":1.5000174045562745,"orthographic":false}