{"cameraMode":{"drawMode":0,"name":"Shaded","section":"Shading Mode"},"sceneLighting":true,"audioPlay":false,"sceneViewState":{"m_AlwaysRefresh":false,"showFog":true,"showSkybox":true,"showFlares":true,"showImageEffects":true,"showParticleSystems":true,"showVisualEffectGraphs":true,"m_FxEnabled":true},"in2DMode":false,"pivot":{"x":69.64459991455078,"y":111.46603393554688,"z":184.639892578125},"rotation":{"x":-0.14343670010566712,"y":-0.07208836078643799,"z":0.010471872054040432,"w":-0.9870514273643494},"size":118.14175415039063,"orthographic":true}