{"cameraMode":{"drawMode":0,"name":"Shaded","section":"Shading Mode"},"sceneLighting":true,"audioPlay":false,"sceneViewState":{"m_AlwaysRefresh":false,"showFog":true,"showSkybox":true,"showFlares":true,"showImageEffects":true,"showParticleSystems":true,"showVisualEffectGraphs":true,"m_FxEnabled":true},"in2DMode":false,"pivot":{"x":-0.4400552809238434,"y":0.9685235023498535,"z":0.054556429386138919},"rotation":{"x":-0.2536405920982361,"y":-0.1084379181265831,"z":0.03148951008915901,"w":-0.9612239003181458},"size":4.166028022766113,"orthographic":false}