{"cameraMode":{"drawMode":0,"name":"Shaded","section":"Shading Mode"},"sceneLighting":true,"audioPlay":false,"sceneViewState":{"m_AlwaysRefresh":false,"showFog":true,"showSkybox":true,"showFlares":true,"showImageEffects":true,"showParticleSystems":true,"showVisualEffectGraphs":true,"m_FxEnabled":true},"in2DMode":false,"pivot":{"x":156.09336853027345,"y":56.10398864746094,"z":54.93113708496094},"rotation":{"x":-0.31019121408462527,"y":0.03012695536017418,"z":-0.007385483477264643,"w":-0.9507256746292114},"size":207.43092346191407,"orthographic":false}